{"_runtime":176,"train/lr":0.0005,"train/wallclock_time":52.244521617889404,"train/loss":31.62738800048828,"train/tokens_per_sec":93266.76770100553,"_wandb":{"runtime":176},"iter":250,"_step":25,"_timestamp":1.7642200390041008e+09}