{"_runtime":132,"train/loss":5.3230085372924805,"_wandb":{"runtime":132},"train/lr":0.0006,"val/loss":5.202846527099609,"_timestamp":1.7642045032733138e+09,"train/wallclock_time":130.55470848083496,"train/tokens_per_sec":89403.74938658049,"iter":1000,"_step":104}